{"coverage": 43.988684582743986, "raw_data": {"meta": {"format": 2, "version": "7.5.1", "timestamp": "2024-05-12T09:44:43.010818", "branch_coverage": false, "show_contexts": false}, "files": {"lolcatt/__init__.py": {"executed_lines": [1, 3, 4, 5], "summary": {"covered_lines": 3, "num_statements": 3, "percent_covered": 100.0, "percent_covered_display": "100", "missing_lines": 0, "excluded_lines": 0}, "missing_lines": [], "excluded_lines": []}, "lolcatt/app.py": {"executed_lines": [1, 3, 4, 5, 7, 8, 9, 10, 11, 12, 13, 14, 17, 18, 20, 21, 31, 32, 34, 35, 38, 39, 41, 42, 45, 46, 48, 50, 51, 52, 53, 54, 55, 56, 58, 59, 60, 61, 62, 63, 64, 65, 68], "summary": {"covered_lines": 39, "num_statements": 41, "percent_covered": 95.1219512195122, "percent_covered_display": "95", "missing_lines": 2, "excluded_lines": 0}, "missing_lines": [69, 70], "excluded_lines": []}, "lolcatt/casting/__init__.py": {"executed_lines": [1], "summary": {"covered_lines": 0, "num_statements": 0, "percent_covered": 100.0, "percent_covered_display": "100", "missing_lines": 0, "excluded_lines": 0}, "missing_lines": [], "excluded_lines": []}, "lolcatt/casting/caster.py": {"executed_lines": [2, 3, 4, 5, 6, 7, 8, 10, 11, 12, 13, 15, 18, 19, 20, 22, 23, 24, 25, 26, 29, 30, 36, 37, 39, 46, 47, 50, 51, 52, 53, 54, 55, 56, 57, 58, 59, 60, 61, 62, 63, 64, 65, 66, 68, 83, 84, 90, 116, 132, 143, 166, 178, 192, 198, 206, 214, 222, 230, 239, 243, 257, 259, 262, 263, 265, 272, 274, 284, 285, 287, 295, 303, 312, 316, 347, 366], "summary": {"covered_lines": 75, "num_statements": 186, "percent_covered": 40.32258064516129, "percent_covered_display": "40", "missing_lines": 111, "excluded_lines": 0}, "missing_lines": [69, 72, 73, 74, 75, 76, 81, 85, 86, 87, 88, 96, 97, 98, 99, 100, 109, 114, 120, 121, 122, 123, 124, 125, 127, 128, 129, 130, 136, 137, 138, 139, 140, 141, 147, 148, 149, 150, 151, 152, 153, 154, 155, 156, 158, 159, 160, 161, 162, 163, 164, 170, 171, 172, 173, 174, 175, 176, 185, 186, 187, 188, 190, 196, 204, 212, 220, 228, 236, 237, 244, 245, 246, 250, 254, 255, 256, 258, 260, 275, 276, 278, 279, 280, 281, 282, 283, 293, 301, 310, 313, 314, 320, 321, 323, 328, 330, 331, 332, 334, 335, 336, 337, 339, 344, 345, 354, 355, 356, 358, 365], "excluded_lines": []}, "lolcatt/casting/youtube_playlist_handler.py": {"executed_lines": [2, 3, 5, 8, 9, 10, 17, 28, 29, 32, 40], "summary": {"covered_lines": 11, "num_statements": 19, "percent_covered": 57.89473684210526, "percent_covered_display": "58", "missing_lines": 8, "excluded_lines": 0}, "missing_lines": [11, 12, 13, 30, 36, 37, 38, 39], "excluded_lines": []}, "lolcatt/cli.py": {"executed_lines": [], "summary": {"covered_lines": 0, "num_statements": 30, "percent_covered": 0.0, "percent_covered_display": "0", "missing_lines": 30, "excluded_lines": 0}, "missing_lines": [2, 4, 5, 7, 8, 9, 10, 13, 17, 18, 24, 32, 38, 45, 47, 48, 49, 50, 52, 54, 55, 56, 58, 59, 60, 61, 62, 63, 66, 67], "excluded_lines": []}, "lolcatt/ui/__init__.py": {"executed_lines": [1], "summary": {"covered_lines": 0, "num_statements": 0, "percent_covered": 100.0, "percent_covered_display": "100", "missing_lines": 0, "excluded_lines": 0}, "missing_lines": [], "excluded_lines": []}, "lolcatt/ui/lolcatt_controls.py": {"executed_lines": [1, 3, 4, 5, 6, 7, 8, 9, 12, 13, 14, 15, 16, 17, 20, 21, 32, 43, 44, 45, 53, 59, 75, 76, 84, 85, 91, 92, 98, 99, 105, 106, 112, 113, 119, 120, 126, 127, 133, 151], "summary": {"covered_lines": 40, "num_statements": 108, "percent_covered": 37.03703703703704, "percent_covered_display": "37", "missing_lines": 68, "excluded_lines": 0}, "missing_lines": [48, 49, 50, 51, 54, 55, 57, 60, 61, 62, 63, 65, 66, 67, 68, 69, 71, 72, 73, 77, 78, 79, 80, 81, 82, 86, 87, 89, 93, 94, 95, 96, 100, 101, 102, 103, 107, 108, 109, 110, 114, 115, 116, 117, 121, 122, 123, 124, 128, 129, 130, 131, 134, 135, 136, 137, 138, 139, 140, 141, 142, 143, 144, 145, 146, 147, 148, 149], "excluded_lines": []}, "lolcatt/ui/lolcatt_device_info.py": {"executed_lines": [1, 2, 3, 4, 6, 9, 10, 12, 13, 14, 15, 17, 25, 29, 32, 35, 41, 44, 45], "summary": {"covered_lines": 19, "num_statements": 31, "percent_covered": 61.29032258064516, "percent_covered_display": "61", "missing_lines": 12, "excluded_lines": 0}, "missing_lines": [18, 19, 20, 22, 23, 26, 27, 30, 33, 36, 37, 42], "excluded_lines": []}, "lolcatt/ui/lolcatt_devicelist.py": {"executed_lines": [2, 3, 4, 5, 6, 7, 8, 9, 10, 13, 14, 19, 22, 24, 26, 37, 40, 58, 61, 62, 63], "summary": {"covered_lines": 21, "num_statements": 47, "percent_covered": 44.680851063829785, "percent_covered_display": "45", "missing_lines": 26, "excluded_lines": 0}, "missing_lines": [15, 16, 17, 18, 27, 28, 33, 34, 35, 38, 41, 42, 43, 44, 45, 46, 47, 48, 49, 50, 52, 53, 54, 55, 56, 59], "excluded_lines": []}, "lolcatt/ui/lolcatt_playback_info.py": {"executed_lines": [1, 2, 3, 4, 5, 6, 8, 11, 12, 14, 15, 16, 17, 19, 36, 40, 43, 46, 49, 54, 58], "summary": {"covered_lines": 21, "num_statements": 43, "percent_covered": 48.83720930232558, "percent_covered_display": "49", "missing_lines": 22, "excluded_lines": 0}, "missing_lines": [20, 21, 22, 24, 25, 26, 27, 28, 29, 30, 31, 32, 34, 37, 38, 41, 44, 47, 50, 55, 56, 57], "excluded_lines": []}, "lolcatt/ui/lolcatt_playlist.py": {"executed_lines": [2, 3, 4, 5, 6, 7, 8, 11, 12, 16, 19, 20, 33, 36, 64, 67, 68, 69], "summary": {"covered_lines": 18, "num_statements": 56, "percent_covered": 32.142857142857146, "percent_covered_display": "32", "missing_lines": 38, "excluded_lines": 0}, "missing_lines": [13, 14, 15, 21, 22, 27, 28, 29, 30, 31, 34, 37, 38, 39, 40, 41, 42, 43, 44, 45, 46, 47, 48, 49, 50, 51, 52, 53, 54, 55, 56, 57, 58, 59, 60, 61, 62, 65], "excluded_lines": []}, "lolcatt/ui/lolcatt_progress.py": {"executed_lines": [1, 2, 4, 5, 6, 7, 8, 9, 10, 13, 14, 15, 16, 17, 19, 20, 26, 27, 36, 37, 42, 43, 44, 45, 46, 48, 60, 66, 79, 80], "summary": {"covered_lines": 30, "num_statements": 64, "percent_covered": 46.875, "percent_covered_display": "47", "missing_lines": 34, "excluded_lines": 0}, "missing_lines": [21, 22, 23, 24, 28, 29, 30, 31, 32, 33, 34, 38, 39, 40, 49, 50, 51, 52, 53, 54, 55, 56, 57, 58, 61, 62, 67, 71, 72, 73, 74, 75, 76, 77], "excluded_lines": []}, "lolcatt/ui/lolcatt_url_input.py": {"executed_lines": [1, 2, 4, 5, 6, 7, 8, 9, 10, 13, 14, 15, 16, 18, 35, 41, 44, 45, 50, 51, 60, 61, 69, 72, 76, 77], "summary": {"covered_lines": 26, "num_statements": 46, "percent_covered": 56.52173913043478, "percent_covered_display": "57", "missing_lines": 20, "excluded_lines": 0}, "missing_lines": [40, 46, 47, 48, 52, 53, 54, 55, 56, 57, 58, 62, 63, 64, 65, 66, 67, 70, 73, 74], "excluded_lines": []}, "lolcatt/utils/__init__.py": {"executed_lines": [1], "summary": {"covered_lines": 0, "num_statements": 0, "percent_covered": 100.0, "percent_covered_display": "100", "missing_lines": 0, "excluded_lines": 0}, "missing_lines": [], "excluded_lines": []}, "lolcatt/utils/utils.py": {"executed_lines": [2, 4, 5, 8, 22, 25, 62, 63], "summary": {"covered_lines": 8, "num_statements": 33, "percent_covered": 24.242424242424242, "percent_covered_display": "24", "missing_lines": 25, "excluded_lines": 0}, "missing_lines": [17, 18, 19, 21, 27, 30, 31, 33, 34, 35, 36, 37, 38, 39, 40, 41, 42, 43, 45, 53, 55, 56, 57, 58, 59], "excluded_lines": []}}, "totals": {"covered_lines": 311, "num_statements": 707, "percent_covered": 43.988684582743986, "percent_covered_display": "44", "missing_lines": 396, "excluded_lines": 0}}, "coverage_path": "."}