{"coverage": 44.3014705882353, "raw_data": {"meta": {"format": 2, "version": "7.5.1", "timestamp": "2024-05-11T16:46:01.860286", "branch_coverage": false, "show_contexts": false}, "files": {"lolcatt/__init__.py": {"executed_lines": [1, 3, 4, 5], "summary": {"covered_lines": 3, "num_statements": 3, "percent_covered": 100.0, "percent_covered_display": "100", "missing_lines": 0, "excluded_lines": 0}, "missing_lines": [], "excluded_lines": []}, "lolcatt/app.py": {"executed_lines": [1, 3, 4, 5, 7, 8, 9, 10, 11, 12, 15, 16, 18, 19, 29, 30, 32, 34, 35, 36, 37, 38, 40, 41, 42, 43, 46], "summary": {"covered_lines": 25, "num_statements": 27, "percent_covered": 92.5925925925926, "percent_covered_display": "93", "missing_lines": 2, "excluded_lines": 0}, "missing_lines": [47, 48], "excluded_lines": []}, "lolcatt/casting/__init__.py": {"executed_lines": [1], "summary": {"covered_lines": 0, "num_statements": 0, "percent_covered": 100.0, "percent_covered_display": "100", "missing_lines": 0, "excluded_lines": 0}, "missing_lines": [], "excluded_lines": []}, "lolcatt/casting/caster.py": {"executed_lines": [2, 3, 4, 5, 6, 7, 8, 10, 11, 12, 13, 15, 18, 19, 20, 22, 23, 24, 25, 26, 29, 30, 36, 37, 39, 46, 47, 50, 51, 52, 53, 54, 55, 56, 57, 58, 59, 60, 61, 62, 63, 64, 66, 81, 107, 123, 134, 146, 160, 166, 174, 183, 190, 204, 206, 209, 211, 221, 229, 237, 246, 250, 281, 300], "summary": {"covered_lines": 62, "num_statements": 149, "percent_covered": 41.61073825503356, "percent_covered_display": "42", "missing_lines": 87, "excluded_lines": 0}, "missing_lines": [67, 70, 71, 72, 73, 74, 79, 87, 88, 89, 90, 91, 100, 105, 111, 112, 113, 114, 115, 116, 118, 119, 120, 121, 127, 128, 129, 130, 131, 132, 138, 139, 140, 141, 142, 143, 144, 153, 154, 155, 156, 158, 164, 172, 180, 181, 191, 192, 193, 197, 201, 202, 203, 205, 207, 212, 213, 214, 215, 216, 217, 218, 219, 227, 235, 244, 247, 248, 254, 255, 257, 262, 264, 265, 266, 268, 269, 270, 271, 273, 278, 279, 288, 289, 290, 292, 299], "excluded_lines": []}, "lolcatt/casting/youtube_playlist_handler.py": {"executed_lines": [2, 3, 5, 8, 9, 10, 17, 28, 29, 32, 40], "summary": {"covered_lines": 11, "num_statements": 19, "percent_covered": 57.89473684210526, "percent_covered_display": "58", "missing_lines": 8, "excluded_lines": 0}, "missing_lines": [11, 12, 13, 30, 36, 37, 38, 39], "excluded_lines": []}, "lolcatt/cli.py": {"executed_lines": [], "summary": {"covered_lines": 0, "num_statements": 30, "percent_covered": 0.0, "percent_covered_display": "0", "missing_lines": 30, "excluded_lines": 0}, "missing_lines": [2, 4, 5, 7, 8, 9, 10, 13, 17, 18, 24, 32, 38, 45, 47, 48, 49, 50, 52, 54, 55, 56, 58, 59, 60, 61, 62, 63, 66, 67], "excluded_lines": []}, "lolcatt/ui/__init__.py": {"executed_lines": [1], "summary": {"covered_lines": 0, "num_statements": 0, "percent_covered": 100.0, "percent_covered_display": "100", "missing_lines": 0, "excluded_lines": 0}, "missing_lines": [], "excluded_lines": []}, "lolcatt/ui/lolcatt_controls.py": {"executed_lines": [1, 3, 4, 5, 6, 7, 8, 9, 12, 13, 14, 15, 16, 17, 20, 21, 32, 43, 44, 45, 53, 59, 75, 76, 84, 85, 91, 92, 98, 99, 105, 106, 112, 113, 119, 120, 126, 127, 133, 151], "summary": {"covered_lines": 40, "num_statements": 108, "percent_covered": 37.03703703703704, "percent_covered_display": "37", "missing_lines": 68, "excluded_lines": 0}, "missing_lines": [48, 49, 50, 51, 54, 55, 57, 60, 61, 62, 63, 65, 66, 67, 68, 69, 71, 72, 73, 77, 78, 79, 80, 81, 82, 86, 87, 89, 93, 94, 95, 96, 100, 101, 102, 103, 107, 108, 109, 110, 114, 115, 116, 117, 121, 122, 123, 124, 128, 129, 130, 131, 134, 135, 136, 137, 138, 139, 140, 141, 142, 143, 144, 145, 146, 147, 148, 149], "excluded_lines": []}, "lolcatt/ui/lolcatt_device_info.py": {"executed_lines": [1, 2, 3, 4, 6, 9, 10, 12, 13, 14, 15, 17, 25, 29, 32, 35, 41, 42], "summary": {"covered_lines": 18, "num_statements": 29, "percent_covered": 62.06896551724138, "percent_covered_display": "62", "missing_lines": 11, "excluded_lines": 0}, "missing_lines": [18, 19, 20, 22, 23, 26, 27, 30, 33, 36, 37], "excluded_lines": []}, "lolcatt/ui/lolcatt_playback_info.py": {"executed_lines": [1, 2, 3, 4, 6, 9, 10, 12, 13, 14, 15, 17, 34, 38, 41, 44, 47, 48], "summary": {"covered_lines": 18, "num_statements": 36, "percent_covered": 50.0, "percent_covered_display": "50", "missing_lines": 18, "excluded_lines": 0}, "missing_lines": [18, 19, 20, 22, 23, 24, 25, 26, 27, 28, 29, 30, 32, 35, 36, 39, 42, 45], "excluded_lines": []}, "lolcatt/ui/lolcatt_progress.py": {"executed_lines": [1, 2, 4, 5, 6, 7, 8, 9, 10, 13, 14, 15, 16, 17, 19, 20, 26, 27, 36, 37, 42, 43, 44, 45, 46, 48, 60, 66, 79, 80], "summary": {"covered_lines": 30, "num_statements": 64, "percent_covered": 46.875, "percent_covered_display": "47", "missing_lines": 34, "excluded_lines": 0}, "missing_lines": [21, 22, 23, 24, 28, 29, 30, 31, 32, 33, 34, 38, 39, 40, 49, 50, 51, 52, 53, 54, 55, 56, 57, 58, 61, 62, 67, 71, 72, 73, 74, 75, 76, 77], "excluded_lines": []}, "lolcatt/ui/lolcatt_url_input.py": {"executed_lines": [1, 2, 4, 5, 6, 7, 8, 9, 10, 13, 14, 15, 16, 18, 35, 41, 44, 45, 50, 51, 60, 61, 69, 72, 76, 77], "summary": {"covered_lines": 26, "num_statements": 46, "percent_covered": 56.52173913043478, "percent_covered_display": "57", "missing_lines": 20, "excluded_lines": 0}, "missing_lines": [40, 46, 47, 48, 52, 53, 54, 55, 56, 57, 58, 62, 63, 64, 65, 66, 67, 70, 73, 74], "excluded_lines": []}, "lolcatt/utils/__init__.py": {"executed_lines": [1], "summary": {"covered_lines": 0, "num_statements": 0, "percent_covered": 100.0, "percent_covered_display": "100", "missing_lines": 0, "excluded_lines": 0}, "missing_lines": [], "excluded_lines": []}, "lolcatt/utils/utils.py": {"executed_lines": [2, 4, 5, 8, 22, 25, 62, 63], "summary": {"covered_lines": 8, "num_statements": 33, "percent_covered": 24.242424242424242, "percent_covered_display": "24", "missing_lines": 25, "excluded_lines": 0}, "missing_lines": [17, 18, 19, 21, 27, 30, 31, 33, 34, 35, 36, 37, 38, 39, 40, 41, 42, 43, 45, 53, 55, 56, 57, 58, 59], "excluded_lines": []}}, "totals": {"covered_lines": 241, "num_statements": 544, "percent_covered": 44.3014705882353, "percent_covered_display": "44", "missing_lines": 303, "excluded_lines": 0}}, "coverage_path": "."}